CustomerID,Gender,Geography,Age,Tenure,Balance,NumOfProducts,HasCrCard,IsActiveMember,EstimatedSalary,Churn
CUST0000,Male,Spain,27,6,87656.73280229518,1,0,0,37569.59862347998,0
CUST0001,Female,France,34,7,8300.77719784164,1,0,0,143200.17345065653,0
CUST0002,Male,France,37,5,19644.624288755185,1,0,1,149274.70115523314,0
CUST0003,Male,Spain,41,8,99230.81905039902,1,0,1,109641.19280444682,0
CUST0004,Male,France,22,4,33178.93851076509,2,1,0,147360.12245085507,0
CUST0005,Female,Spain,51,2,141885.21206538953,1,1,1,89735.56913939452,0
CUST0006,Male,Germany,23,2,172366.24228431642,1,0,1,46335.84964465265,0
CUST0007,Male,France,19,0,200146.6747772707,1,1,0,71179.42399318692,0
CUST0008,Male,Germany,30,7,50037.56106120253,1,0,0,93098.53095303003,1
CUST0009,Female,Spain,60,1,41870.64556476744,2,1,0,20231.418683782096,1
CUST0010,Male,Germany,60,2,26141.960083600065,1,1,1,97128.05704641445,0
CUST0011,Male,Germany,65,7,159107.56238590917,1,0,0,147364.89714672122,1
CUST0012,Male,Spain,28,7,176618.9316217253,1,0,1,36615.07096972187,0
CUST0013,Male,Germany,68,3,7896.536206410509,3,0,0,120963.31628037366,1
CUST0014,Female,Germany,64,3,234053.06156092245,2,1,1,137105.8311291467,0
CUST0015,Male,Spain,40,4,12992.820912868103,1,0,0,142118.22299483093,0
CUST0016,Female,Germany,33,5,135324.08382526762,1,1,0,144418.9846167626,1
CUST0017,Female,Spain,48,4,177265.1298627291,1,0,1,83004.34942100607,0
CUST0018,Female,Germany,28,6,217742.2809365214,2,1,1,146823.10711881053,0
CUST0019,Male,Spain,33,1,178521.73303310695,1,1,1,116023.42899882144,0
CUST0020,Female,Spain,25,6,200432.02076744795,1,0,1,32634.001073174666,0
CUST0021,Male,Germany,21,9,84862.54813570151,1,1,1,76766.0149055158,0
CUST0022,Female,Germany,57,6,203706.27843662805,1,1,1,110566.36455208056,0
CUST0023,Female,Germany,21,0,20028.711596168785,1,0,0,44627.644214671665,0
CUST0024,Female,France,42,6,223704.16401513192,2,1,1,99686.12569684423,0
CUST0025,Female,France,20,4,136898.09403843406,1,0,0,103324.0670665267,0
CUST0026,Female,France,49,2,204324.44249062342,1,0,0,32777.964133199224,1
CUST0027,Female,Spain,20,2,113079.57112957504,1,0,1,89111.94374338588,0
CUST0028,Female,Germany,44,3,160894.42379913124,3,0,0,118027.76753700507,1
CUST0029,Female,Spain,46,1,131600.6652340283,1,1,1,79845.39303503187,0
CUST0030,Male,France,49,1,182897.38043883297,2,1,1,11694.43634865504,1
CUST0031,Male,Germany,67,0,20407.495507647393,1,1,0,11265.385671100905,0
CUST0032,Female,Spain,68,4,15088.02099764095,1,0,0,59984.1081558017,0
CUST0033,Female,Germany,36,3,61775.80850253661,1,1,1,139667.16958044947,0
CUST0034,Female,Spain,38,9,39886.170028297085,1,1,1,42014.74914450523,0
CUST0035,Male,Germany,22,1,217945.89164805043,1,0,0,98810.9164420362,0
CUST0036,Female,France,35,2,54803.49683951108,2,0,0,41090.62189706488,0
CUST0037,Male,France,45,6,243966.31395478282,1,1,0,55033.798552336804,0
CUST0038,Male,Germany,59,6,84223.94794277671,1,0,0,128725.89254420776,0
CUST0039,Male,Spain,39,3,45529.47892217482,1,0,1,112040.60191779256,0
CUST0040,Male,France,38,4,197424.6267856198,3,0,1,23355.898823849486,0
CUST0041,Male,France,23,4,164676.94387521903,2,0,1,70018.2829381007,0
CUST0042,Female,France,18,5,124548.92911328474,1,1,1,14083.766910337024,0
CUST0043,Female,Germany,22,8,138840.88773440782,3,0,0,77324.62052442126,1
CUST0044,Female,Germany,58,1,179800.44456806596,1,0,0,102740.76163814953,0
CUST0045,Female,Spain,29,4,57113.68533282468,1,0,1,26590.36730374122,0
CUST0046,Female,Spain,43,2,249083.4790141855,2,0,1,50443.8914472832,0
CUST0047,Male,Spain,63,3,243698.29053669577,2,0,1,65697.12757030196,0
CUST0048,Female,Germany,51,9,162581.4215867342,1,0,1,138734.34345184697,0
CUST0049,Female,Germany,66,5,49885.61273228628,1,0,1,149055.70215921497,0
CUST0050,Male,Spain,31,7,170057.06060782282,1,0,1,16287.58185938622,0
CUST0051,Female,Spain,43,0,18049.60224479396,3,1,1,116541.10928935489,1
CUST0052,Male,Germany,62,9,7663.125551451516,1,0,1,62041.369296328055,0
CUST0053,Female,Spain,44,7,64420.72212780342,1,1,1,64944.1460721272,0
CUST0054,Male,France,26,6,115655.73918482907,1,0,0,115597.09626858318,0
CUST0055,Female,Germany,43,0,217068.12635209513,1,0,1,138579.7005003572,0
CUST0056,Female,Spain,64,1,181792.26744157702,1,0,0,143130.0032303568,1
CUST0057,Male,Germany,39,2,185676.63029999525,3,0,0,90797.16204536491,1
CUST0058,Male,France,64,0,106373.33361201883,1,1,1,59996.962302070395,0
CUST0059,Male,Germany,47,8,86483.74813674073,1,0,1,120256.8720202291,0
CUST0060,Male,Germany,60,7,92759.69074615068,1,0,0,45140.19365672203,1
CUST0061,Male,Germany,65,1,246912.39093401446,2,1,0,88970.36403669248,1
CUST0062,Male,Germany,34,8,10027.29785312062,1,1,1,60200.984613482244,0
CUST0063,Male,France,43,6,216757.87403061215,1,0,0,101928.35031910265,1
CUST0064,Male,Germany,53,8,144668.85214309837,2,1,1,43655.84780509097,0
CUST0065,Female,Germany,18,5,109653.85479739761,2,1,1,36823.01240287561,0
CUST0066,Female,Spain,25,5,181314.41510378412,2,1,1,138553.4721345612,0
CUST0067,Male,Germany,66,3,121667.23535617572,3,0,0,24252.515612935167,1
CUST0068,Female,Spain,52,9,218355.80952041515,1,0,0,80834.10708289043,1
CUST0069,Female,France,69,9,225175.46600281462,2,0,1,40919.38961482125,0
CUST0070,Female,France,32,1,105430.23171836385,1,1,0,15450.194865593443,1
CUST0071,Female,France,64,6,69206.9493087629,2,0,0,15042.634560799695,0
CUST0072,Male,France,39,4,148087.58214834056,2,1,0,34531.04809481583,0
CUST0073,Female,Spain,31,5,228090.83640417273,2,0,0,131347.84963084004,0
CUST0074,Male,Germany,43,1,52665.54725141665,1,0,0,49547.02415678373,1
CUST0075,Female,France,45,4,155741.64589087068,1,1,0,143064.2838805414,0
CUST0076,Female,Germany,40,9,157890.05502313015,1,0,0,91427.1210184871,1
CUST0077,Female,Spain,31,3,183278.25560382023,3,1,1,71125.98656762726,0
CUST0078,Male,Spain,41,8,32891.92128181495,3,1,0,91212.43685372364,1
CUST0079,Female,Spain,19,5,178956.24117052215,1,0,0,82337.77393167748,1
CUST0080,Male,France,62,1,227258.13016641024,1,1,0,116228.67552602552,1
CUST0081,Female,Germany,43,0,44920.77721756049,1,0,0,49549.44923619932,1
CUST0082,Male,Germany,31,4,59385.83123096941,2,0,0,59427.05482404233,0
CUST0083,Female,Germany,68,8,242848.7735104099,2,1,0,135173.2023546551,1
CUST0084,Male,Spain,24,5,45244.23817737244,1,0,0,142503.91184105678,0
CUST0085,Male,France,20,9,213596.2733423948,1,1,0,134958.1518481064,1
CUST0086,Female,Spain,64,6,123069.4641120087,2,0,1,68722.7191540239,0
CUST0087,Male,Spain,40,4,61807.76860079426,2,0,0,119251.17042096343,0
CUST0088,Female,Germany,63,9,217687.47531812784,1,0,0,76687.00266215383,0
CUST0089,Female,Spain,60,5,111326.31375066638,1,0,0,79655.57930045431,0
CUST0090,Female,Germany,64,4,128704.33848242255,1,0,0,38655.215268019754,1
CUST0091,Female,France,62,8,89808.34234994142,1,1,1,92758.24245619231,0
CUST0092,Female,Germany,35,5,148237.71285873186,1,1,1,36059.02568546871,0
CUST0093,Female,France,55,7,40880.96814625569,1,1,1,56419.05786940713,0
CUST0094,Female,Germany,52,1,97770.38416294017,2,1,1,129704.22822679092,0
CUST0095,Female,Spain,68,8,242353.08058382187,1,1,1,38990.61328951973,0
CUST0096,Female,Spain,32,4,64533.358175281886,2,1,1,19962.159924280593,0
CUST0097,Female,France,42,6,164184.16613532306,1,0,1,19661.062965794285,0
CUST0098,Female,France,54,9,81297.51605617371,1,0,1,141709.83287043512,0
CUST0099,Male,France,45,0,193368.28142165017,1,1,1,80968.86131465684,1
CUST0100,Male,Germany,27,9,32718.415179587457,1,1,1,67317.69005438258,0
CUST0101,Female,Germany,56,4,242455.2612696362,2,0,1,123523.00134110858,0
CUST0102,Female,France,34,9,113447.38534590982,3,0,1,127015.62990747225,0
CUST0103,Female,Spain,56,1,59012.61583661599,1,0,1,56506.744636184645,0
CUST0104,Female,Germany,39,5,18374.186832503165,1,1,1,107106.52804633134,0
CUST0105,Female,Germany,43,0,42439.476271885185,2,1,1,117957.19421926411,0
CUST0106,Female,Germany,61,2,129943.48713900441,1,1,1,101651.09616123363,0
CUST0107,Female,France,42,4,84250.79410782158,1,0,0,31223.310472013913,0
CUST0108,Female,France,34,3,207220.84147065238,2,0,1,132623.63169238798,0
CUST0109,Male,France,30,2,107721.88091545149,1,1,0,85473.23738304123,0
CUST0110,Female,France,37,9,62178.56814690748,1,1,1,49546.13969180052,0
CUST0111,Male,France,42,4,154286.2466510075,1,0,1,69531.94596127715,0
CUST0112,Female,Spain,21,7,176694.30422136144,2,0,0,15259.952655847033,0
CUST0113,Female,Spain,27,3,41760.47697523746,1,0,1,27901.352171138456,0
CUST0114,Male,France,20,0,41904.804072079416,1,0,0,117176.54507222051,1
CUST0115,Female,Germany,58,6,9167.856733385743,2,1,0,10001.62886575126,0
CUST0116,Male,France,62,7,184100.50376641014,1,0,0,68319.2159875209,1
CUST0117,Female,Spain,35,2,165951.13190545127,2,0,1,83151.42535198238,0
CUST0118,Female,Spain,64,5,118657.71893745346,1,0,1,17648.81880013612,0
CUST0119,Male,Germany,53,1,211042.61224229928,3,1,1,146230.9428161266,0
CUST0120,Female,Spain,64,6,201417.5382375133,1,1,0,41657.54637495407,0
CUST0121,Male,France,39,7,146338.59109918802,1,0,0,52587.82074907932,1
CUST0122,Female,Germany,51,5,217067.82012831466,1,0,1,52551.95171570383,0
CUST0123,Male,France,64,5,51460.302509192064,1,0,1,42258.33269642899,0
CUST0124,Male,France,25,4,27979.90484943197,2,1,1,10206.335092083598,0
CUST0125,Female,Germany,57,7,67437.4028792474,3,1,1,112108.2711723195,1
CUST0126,Female,France,66,0,14271.714022328713,1,1,1,145358.36997189996,0
CUST0127,Male,Spain,61,9,132792.382000258,1,0,0,41401.087659906305,0
CUST0128,Female,France,36,3,234151.42307374039,2,1,0,102826.60685247913,0
CUST0129,Female,Germany,59,3,9835.885167127411,2,0,0,113865.48577422011,1
CUST0130,Female,Germany,58,2,30527.4785025067,1,0,1,128779.55307267346,0
CUST0131,Male,Germany,54,2,113049.75707085882,1,0,0,69168.08758190527,1
CUST0132,Male,France,23,3,233468.75438197624,1,1,0,52410.326789660096,1
CUST0133,Male,Germany,69,0,79039.02624418763,1,0,0,55541.31876322436,0
CUST0134,Male,Germany,43,1,126808.70217209811,1,1,0,109766.98663379179,1
CUST0135,Male,France,51,8,10393.214762598025,1,1,0,124349.12531078905,0
CUST0136,Male,Spain,62,9,37085.800240522214,1,0,1,35425.95548592437,0
CUST0137,Male,France,23,1,246657.5307397117,2,0,0,61931.74114208713,0
CUST0138,Male,Germany,54,4,241279.6741090114,1,1,1,136271.62754488102,0
CUST0139,Male,Germany,50,8,1234.995233602404,1,0,1,122937.0927572635,0
CUST0140,Female,France,39,8,237952.94635580975,1,1,1,147880.1763867466,0
CUST0141,Male,Spain,38,7,159779.98445387508,1,0,1,115594.7563554913,0
CUST0142,Female,Germany,23,0,216979.57363000553,1,1,1,65047.328143909115,0
CUST0143,Female,Germany,23,0,113684.96390846478,1,1,0,92689.2967592493,1
CUST0144,Female,Germany,65,8,128899.00714481257,1,1,0,102541.99559462484,0
CUST0145,Male,France,21,7,122211.64506423005,1,1,1,20983.814284397355,0
CUST0146,Male,Germany,47,9,166716.0643865261,1,0,1,86229.57427454111,0
CUST0147,Male,Spain,28,8,34912.813689078226,1,0,1,109304.91598616535,0
CUST0148,Male,Germany,47,6,7493.397468169488,2,1,0,33424.98256014845,1
CUST0149,Female,Germany,48,2,76982.48539779773,1,1,1,119288.440439578,0
CUST0150,Male,Spain,41,2,176170.19068416167,2,0,0,91728.18927197563,0
CUST0151,Male,Germany,26,1,50463.36303073709,1,0,1,143311.04999766324,0
CUST0152,Male,France,20,4,168358.10833122933,1,0,0,15939.121748964837,0
CUST0153,Male,France,68,2,242478.0115268176,1,0,1,47145.65925776537,0
CUST0154,Male,France,48,5,23475.178947354598,1,0,0,94217.54310197537,0
CUST0155,Female,Spain,57,1,168150.52955628157,2,0,1,51518.3877088303,1
CUST0156,Male,Germany,54,2,110937.55482614279,2,1,0,110019.38296997391,0
CUST0157,Female,France,53,4,217035.56359437635,2,0,0,116260.73955307034,0
CUST0158,Male,Spain,41,0,44287.447361846476,1,0,0,24352.234969306424,1
CUST0159,Female,Germany,48,0,173156.48805654113,1,1,0,81939.62498894749,0
CUST0160,Male,Spain,23,9,209528.82241202754,1,0,0,81244.67778274782,0
CUST0161,Male,France,19,8,236153.5548685058,1,0,0,61699.30783017575,0
CUST0162,Female,France,37,6,170812.00707241145,1,0,0,140609.48075975408,1
CUST0163,Female,France,45,0,124293.69100210683,1,0,1,125850.88478225097,0
CUST0164,Female,Spain,28,7,154461.81005030347,1,0,1,107609.31346734914,0
CUST0165,Male,Spain,21,2,217226.24611967956,1,1,1,110005.72900289965,0
CUST0166,Female,France,32,7,142652.43665970743,2,0,1,74640.26013383668,0
CUST0167,Male,Spain,23,4,7596.764924209215,3,1,1,138939.2329535206,0
CUST0168,Male,France,66,0,232737.17387674443,3,1,0,107243.35981545996,1
CUST0169,Female,France,47,6,172381.6877578903,1,0,0,112057.3486318143,0
CUST0170,Female,Germany,55,4,169128.34644431164,1,1,0,130636.72653022833,0
CUST0171,Male,Spain,68,5,53918.788099429294,1,0,0,48370.02250790674,0
CUST0172,Male,France,19,5,164721.3675581643,2,1,0,122989.92654133841,0
CUST0173,Female,France,32,7,98466.10141353963,1,1,1,37333.684413908886,0
CUST0174,Female,Spain,28,8,162808.24426037303,1,0,1,58347.8733142843,0
CUST0175,Female,Germany,25,1,26648.25757699768,2,0,1,56985.463597777976,0
CUST0176,Male,Germany,43,8,164461.326150759,1,0,1,146993.56557447967,0
CUST0177,Male,France,68,9,249853.43144266665,1,0,0,129915.21132470976,1
CUST0178,Male,Spain,62,8,12053.009715139007,1,0,0,108163.78062263636,0
CUST0179,Male,Germany,61,9,244293.54605532932,1,1,0,111787.94662615462,0
CUST0180,Male,Spain,22,9,101726.99018071765,1,1,1,88690.19121635995,0
CUST0181,Male,Spain,23,6,217688.36258431477,1,1,0,142592.69339519268,0
CUST0182,Female,France,43,0,195596.37101456837,1,1,1,79476.22540353061,1
CUST0183,Male,Germany,21,6,141754.06524666696,1,1,0,63272.47938178523,1
CUST0184,Male,France,36,9,184612.30231283163,2,1,0,32824.94717042274,0
CUST0185,Male,Germany,37,4,219628.89032533698,1,1,1,120068.79131654811,0
CUST0186,Female,Germany,50,5,101035.08041275824,1,0,0,112822.1504905828,0
CUST0187,Male,Germany,37,9,81758.29039080968,1,0,0,63809.705393378885,0
CUST0188,Male,Germany,66,6,166898.3463908962,3,1,1,13527.07795429211,0
CUST0189,Female,Germany,29,4,201961.48548531465,1,1,0,127459.6258805215,0
CUST0190,Male,Spain,64,6,190571.28369415394,1,0,1,11598.517683570308,0
CUST0191,Male,France,18,8,199453.41221465863,2,0,0,108517.96914806713,0
CUST0192,Male,Spain,43,2,108895.82870323324,2,0,0,145835.99536164798,0
CUST0193,Male,Germany,31,7,204458.5540437554,1,0,0,71272.58594074848,1
CUST0194,Male,France,55,1,30052.26384265211,2,1,0,42896.27669943339,1
CUST0195,Female,Germany,54,6,136122.27449021238,1,0,0,108681.94140607344,1
CUST0196,Female,France,28,1,1439.6651245303926,1,1,0,124397.93988218192,0
CUST0197,Female,Spain,53,3,81146.45747506757,1,1,0,86500.24425089863,0
CUST0198,Male,France,30,6,91615.38371784947,1,1,0,145384.93853586048,0
CUST0199,Male,France,60,2,99043.17290231385,2,0,1,17233.621032114555,0
CUST0200,Male,France,20,1,173866.80167246555,1,0,1,80671.38376263394,1
CUST0201,Female,France,50,9,97139.52531758643,1,1,0,110583.55262515701,1
CUST0202,Male,France,23,6,112173.40565563267,2,1,0,130769.66596088506,0
CUST0203,Male,Germany,67,0,59386.03271858187,2,1,1,35095.785667090604,1
CUST0204,Female,France,27,7,93312.94790733502,1,0,0,122000.4874469154,0
CUST0205,Male,France,22,2,56817.40681578787,1,1,0,87378.99060059634,0
CUST0206,Female,Spain,40,1,18298.98094211091,1,0,1,65517.51547859485,0
CUST0207,Female,France,27,2,150862.14834534447,2,1,0,28440.104001073098,0
CUST0208,Female,Spain,61,4,167053.19963875407,1,1,0,131141.40624724774,1
CUST0209,Male,Germany,19,7,154872.58650240363,3,1,1,32018.24914516015,0
CUST0210,Male,France,30,9,115873.51095014309,1,0,0,53370.300289273895,0
CUST0211,Male,Spain,57,6,94946.44504480745,1,0,0,50606.37447474116,1
CUST0212,Male,Spain,19,6,215833.41239295632,1,1,1,131997.9647867196,0
CUST0213,Male,Germany,37,6,129770.44628405452,1,0,0,104178.41918924572,1
CUST0214,Male,France,18,7,119795.46940743274,1,1,1,121535.39560679212,0
CUST0215,Male,France,54,0,6410.516451608922,3,0,0,45065.505830949856,1
CUST0216,Female,Spain,26,3,85311.95690653908,1,0,0,97482.37394497984,1
CUST0217,Male,France,34,5,95048.90469646426,1,0,1,90044.43764012482,0
CUST0218,Female,Spain,26,8,99705.69522422513,2,1,1,126596.25275035795,0
CUST0219,Male,France,28,1,145043.09230683307,1,0,0,136852.18846737646,0
CUST0220,Male,Spain,32,0,133400.63668171962,2,0,1,11701.948006834153,0
CUST0221,Male,France,41,9,151976.27319836116,1,1,1,104362.78866823098,0
CUST0222,Female,Germany,55,1,191220.81538553207,1,1,0,17257.011876762062,1
CUST0223,Female,France,52,6,203246.43467902337,1,1,0,86840.21311082983,1
CUST0224,Female,France,47,2,179530.7690566236,1,1,0,50268.58206611495,1
CUST0225,Female,Germany,48,9,238880.92398873367,3,0,1,52948.72393309977,0
CUST0226,Male,France,66,1,4558.145669090408,1,0,1,59414.19048332992,0
CUST0227,Female,Germany,22,6,48944.49642088653,1,0,1,96980.94286694542,0
CUST0228,Male,France,61,1,1890.71874453553,1,0,1,56766.99519362769,0
CUST0229,Male,Spain,67,2,161868.67853865074,1,0,0,112577.86708263926,1
CUST0230,Female,Spain,31,6,224507.63723749673,2,1,1,66633.83398034176,0
CUST0231,Female,France,28,3,60870.57414407482,1,0,0,19569.448043394208,1
CUST0232,Female,France,26,0,231758.63619907666,1,0,1,119726.377947775,1
CUST0233,Female,France,51,4,15066.847572390212,3,0,0,50006.16544297884,1
CUST0234,Female,Spain,29,8,233609.0067013786,1,1,0,70587.36314389677,0
CUST0235,Female,France,52,7,87905.6718099086,3,1,0,105962.14365106622,1
CUST0236,Female,Spain,52,8,25355.207112304128,1,0,1,56543.86200081968,0
CUST0237,Female,Germany,18,9,121467.93979658141,1,1,0,17921.991860540187,1
CUST0238,Male,Spain,57,8,64194.141930126985,1,1,0,62348.946581793905,1
CUST0239,Female,Spain,39,6,71218.2254904807,2,1,1,142222.80157720248,0
CUST0240,Female,Germany,46,3,76822.49123157165,3,1,0,99842.81562179815,0
CUST0241,Male,Spain,25,4,200756.47445816585,1,1,1,104007.08081340897,0
CUST0242,Female,France,28,0,134790.3191688136,1,1,1,98519.50150926958,0
CUST0243,Male,France,58,0,77826.92478900091,1,1,0,37858.89945432115,1
CUST0244,Male,Spain,54,2,152583.4458277296,1,0,0,68566.74097431923,0
CUST0245,Female,France,31,7,179037.6685557984,1,0,1,115131.57177086455,0
CUST0246,Male,Spain,47,1,68156.00018338344,3,1,0,24192.205657442282,1
CUST0247,Male,France,52,3,103387.27538133788,1,0,1,48899.38865255972,0
CUST0248,Male,France,38,1,30471.52333423689,1,0,1,48684.67518521951,1
CUST0249,Male,Spain,54,4,45287.33738367008,1,1,1,70482.64986323085,0
CUST0250,Female,France,22,8,170279.4634912457,1,0,0,147251.62373190591,1
CUST0251,Male,Spain,36,0,45359.58692390674,1,1,1,19450.35653573507,0
CUST0252,Female,France,31,4,131290.84591676504,1,1,0,82618.1392132833,1
CUST0253,Male,France,43,8,177261.56543060817,2,1,0,35111.05548170947,1
CUST0254,Male,Germany,21,0,26719.23077368596,1,0,0,145894.71635736417,0
CUST0255,Male,Germany,42,8,141828.0549072259,1,0,0,25862.49066184499,1
CUST0256,Male,Spain,62,7,64140.69592534094,1,0,1,66504.14033062277,0
CUST0257,Female,Germany,59,3,240731.71880939495,2,0,0,113303.89787684487,0
CUST0258,Female,Spain,42,9,120886.41167998117,2,1,1,108637.61992384234,0
CUST0259,Male,Germany,35,4,201498.1374437895,1,1,1,69182.00916515052,0
CUST0260,Male,France,57,4,137556.63553906544,2,0,0,58513.383513380555,0
CUST0261,Female,Spain,25,5,10853.13321370479,1,1,1,65665.73299740188,0
CUST0262,Male,Spain,56,6,158287.84389850558,1,1,1,46998.6768422095,0
CUST0263,Male,France,57,7,237850.83555166426,1,0,0,38746.61141895197,0
CUST0264,Male,Spain,31,7,150402.9550365828,1,1,1,77625.5576582446,0
CUST0265,Female,Spain,49,1,204797.21485669754,1,0,1,47594.72584946502,0
CUST0266,Female,Germany,68,8,221051.61583710194,3,1,1,50244.633085615016,0
CUST0267,Female,Spain,55,6,57019.94298723312,2,0,1,101945.84888643799,0
CUST0268,Male,France,50,3,53011.209977056664,1,1,0,145595.2264379849,0
CUST0269,Male,Germany,40,3,152745.24721274793,1,1,1,94509.20807831251,0
CUST0270,Female,Germany,32,7,102757.11745167618,1,0,1,20777.12538909528,0
CUST0271,Female,France,50,3,209965.3257166801,1,0,1,20581.70593956938,0
CUST0272,Female,France,42,5,225005.7808495028,1,0,1,143199.25091837923,0
CUST0273,Female,Germany,34,4,88355.34482567952,1,0,0,51620.71064302671,1
CUST0274,Male,Spain,50,2,59217.639743620515,1,1,1,22889.378051546562,0
CUST0275,Female,Germany,64,9,195131.37881096546,2,1,0,93866.24220105342,1
CUST0276,Male,France,19,1,68701.50888703403,1,0,1,97310.82896063726,0
CUST0277,Female,Germany,31,8,205653.5796284196,1,1,0,100790.67481661635,0
CUST0278,Male,France,57,9,105934.5634121907,2,0,0,47436.28390005578,0
CUST0279,Female,Germany,57,8,166887.4748228676,1,0,0,12115.495790026505,0
CUST0280,Female,Spain,68,0,23883.828458667045,1,1,0,145102.15172362607,1
CUST0281,Female,Germany,56,9,155964.83116914326,1,1,0,45125.02639675435,0
CUST0282,Female,Germany,68,2,112941.91968430729,1,0,1,104643.68032735665,0
CUST0283,Male,France,23,7,146652.11579386852,2,0,1,108928.18178301935,0
CUST0284,Female,France,23,5,42003.55193621585,1,0,1,95401.038391128,0
CUST0285,Male,France,20,4,184218.43623604553,1,1,0,53807.03518991075,0
CUST0286,Male,Germany,24,4,215699.26938580713,2,1,1,47953.47552696921,0
CUST0287,Male,Spain,68,5,54184.95002269391,2,1,0,93673.55957837844,0
CUST0288,Male,France,25,6,23928.63888004043,2,1,0,131253.3887056368,1
CUST0289,Female,France,59,0,5909.646511584099,1,0,1,142542.72204927538,1
CUST0290,Male,Germany,69,8,160492.8751108165,1,0,1,24826.81261652607,0
CUST0291,Male,France,32,2,151773.50902219518,3,0,0,31676.00576368078,0
CUST0292,Male,Spain,64,3,136674.35317851751,2,0,0,142263.07622963114,0
CUST0293,Female,Spain,46,9,57986.77402899385,1,0,1,113114.93196687096,0
CUST0294,Female,France,50,0,97726.49897637867,1,0,1,133619.13547616825,0
CUST0295,Female,France,69,9,148619.08379654327,1,1,1,38368.56877894804,0
CUST0296,Female,Germany,47,2,124191.71471479234,3,1,1,92262.02195531626,0
CUST0297,Male,Spain,56,1,246946.38005372183,1,0,0,108159.54321844631,1
CUST0298,Male,Spain,44,1,34109.93813918328,1,0,1,105215.66396257617,0
CUST0299,Female,France,53,0,173786.13851189843,1,1,1,67141.23672133774,0
CUST0300,Male,Germany,46,7,101079.69202607303,1,1,1,12155.284836783187,0
CUST0301,Male,Spain,55,2,107049.90373140368,2,1,0,91609.64795259683,1
CUST0302,Male,Spain,50,2,179399.44141454407,1,1,0,45434.21548514523,1
CUST0303,Female,Germany,54,5,173109.0378310924,2,0,0,73035.59446000465,0
CUST0304,Female,Germany,44,7,247813.9984255471,3,0,0,144061.3421117344,1
CUST0305,Male,Spain,50,8,32098.572363531308,1,0,1,65864.94446994086,0
CUST0306,Female,Spain,21,8,26027.412346041583,1,0,0,127572.22493301974,0
CUST0307,Female,Germany,39,3,181084.7042821853,1,0,1,36395.68480489516,0
CUST0308,Female,Spain,19,4,144596.7292516023,2,1,1,104144.46972350404,0
CUST0309,Female,France,27,1,68540.16663995147,1,0,1,146780.97362145208,1
CUST0310,Female,France,22,8,19854.842247246652,1,1,1,24265.034122211153,0
CUST0311,Male,Germany,27,7,21414.562399107635,2,0,0,11164.791911806882,1
CUST0312,Female,Germany,50,2,223547.71866602957,1,0,0,70701.59096856602,0
CUST0313,Male,Germany,55,8,47966.83117968572,3,0,0,22967.567627191405,1
CUST0314,Male,France,30,2,80842.89052888019,1,0,1,114773.8089546724,0
CUST0315,Female,Spain,48,8,56664.100556747006,1,0,1,138036.81293879825,0
CUST0316,Male,France,64,1,88749.07645798432,1,1,1,70762.93617922624,1
CUST0317,Male,Spain,53,9,17355.96068652334,2,1,1,46219.629901761735,0
CUST0318,Male,France,62,8,129764.94772706759,1,1,1,70816.46466092537,0
CUST0319,Female,Spain,41,7,16903.140898053727,2,0,0,111282.69449900014,0
CUST0320,Female,France,69,8,200089.1269555904,3,0,1,11267.582621251937,1
CUST0321,Male,Germany,32,4,58428.020477608254,1,1,0,92523.5585278576,0
CUST0322,Female,France,46,1,135002.97865112766,3,0,1,95860.83588423306,0
CUST0323,Female,Spain,25,7,220019.77189036456,1,0,1,99276.35456543097,0
CUST0324,Female,France,22,5,162719.34226179853,1,1,0,43883.09119732281,1
CUST0325,Female,France,46,7,133239.4466378338,1,0,0,109967.38127293774,1
CUST0326,Male,France,64,4,81083.4382788439,2,1,1,22794.8080864487,0
CUST0327,Male,Germany,21,9,83250.47826454949,1,0,1,37897.84710535211,0
CUST0328,Female,France,29,1,167371.73879954754,1,1,1,132845.8065316275,1
CUST0329,Female,Germany,62,5,248534.84030529187,1,0,1,113421.2411017193,0
CUST0330,Male,Germany,19,4,165459.79746234466,1,0,0,11924.377561588335,0
CUST0331,Male,France,44,4,139445.85434250624,1,1,1,44772.67645177203,0
CUST0332,Female,France,48,0,182662.62755981152,2,0,0,40016.907619043035,1
CUST0333,Male,France,68,1,116301.40307092953,2,0,1,47912.88592517616,0
CUST0334,Female,Spain,68,7,15035.585650196304,1,1,0,44658.367839184095,1
CUST0335,Female,France,53,2,140574.20396947744,3,0,0,18753.681403998402,1
CUST0336,Male,Germany,53,9,239406.32112634505,1,1,1,74251.67232355484,0
CUST0337,Male,France,43,2,43825.73558941491,3,0,0,112582.68647006311,1
CUST0338,Female,Spain,60,7,172501.22270516644,1,0,1,94942.4414604411,0
CUST0339,Female,France,44,7,50233.42216476412,1,0,0,104202.03360373116,1
CUST0340,Male,Spain,22,1,133956.92111827031,1,0,1,21360.88499507348,0
CUST0341,Female,Spain,37,7,24169.112411679904,2,1,0,143208.6994247502,0
CUST0342,Male,France,28,0,112592.73406454628,1,0,1,127388.85673802347,0
CUST0343,Female,Germany,27,5,189040.8322238115,1,1,1,122712.64458939277,0
CUST0344,Male,Spain,57,7,86892.88105974552,1,0,0,125217.73270584745,1
CUST0345,Male,France,55,2,166227.93112180452,1,0,0,140579.47113858658,0
CUST0346,Male,France,23,7,198862.4901974323,1,0,0,86195.55525591767,1
CUST0347,Female,Germany,25,0,231794.45486986317,2,0,0,38039.482501467624,1
CUST0348,Female,Spain,40,8,58660.52046386339,2,1,1,96349.70509935576,0
CUST0349,Male,Spain,64,8,99828.97895232703,1,1,0,114003.40911351146,0
CUST0350,Female,France,43,4,38104.003332604356,2,1,1,113308.43506956355,0
CUST0351,Male,France,63,9,248120.8755395938,1,1,0,83002.86338336322,1
CUST0352,Male,Germany,60,3,231750.24198107384,2,0,1,19584.22070670093,0
CUST0353,Female,Germany,29,5,134989.28257013988,2,1,1,61955.81138021789,0
CUST0354,Female,Spain,43,6,210508.3235941053,1,1,1,138907.32518487005,0
CUST0355,Male,Spain,30,4,130239.49431801055,2,0,1,91822.84736603964,0
CUST0356,Female,France,57,9,155896.42200068993,1,0,0,85366.47205579988,0
CUST0357,Female,Spain,35,8,22281.108029004154,1,0,0,47639.49201350709,0
CUST0358,Male,Germany,42,2,188817.60512420197,2,0,1,61582.84878832105,0
CUST0359,Male,Germany,50,6,31928.370908808705,1,1,0,135348.4524814437,0
CUST0360,Female,France,64,9,206516.9075631321,1,1,0,103304.826653757,0
CUST0361,Male,Germany,57,9,195507.0219175965,1,0,1,120234.1837453266,0
CUST0362,Male,Germany,60,4,177186.17443574412,2,0,0,73608.35922947171,0
CUST0363,Female,Germany,29,6,9040.095131190528,1,0,0,98234.6107238621,0
CUST0364,Male,Germany,61,1,75782.08898633215,1,1,0,44773.70522404905,1
CUST0365,Male,France,53,3,65778.14247771072,2,1,1,108764.51623968808,0
CUST0366,Female,France,65,1,90034.10186787977,2,0,0,69864.18671846722,1
CUST0367,Female,Spain,21,6,21910.686690959636,1,0,1,71956.37207406439,0
CUST0368,Male,Germany,22,1,234239.4557577657,1,1,0,100905.12544076343,1
CUST0369,Male,Spain,54,0,138450.56017809408,1,0,0,141079.28700564973,1
CUST0370,Female,France,25,8,76381.07766450588,1,0,0,18960.88852520693,0
CUST0371,Female,France,59,0,99245.37926857086,1,1,1,125464.05322858106,0
CUST0372,Female,France,66,7,111800.63512620892,2,0,1,50933.63545770704,0
CUST0373,Female,France,45,1,150148.58334015432,1,1,0,72148.7236308929,1
CUST0374,Male,France,48,7,128919.85692412444,1,0,1,13067.866028501254,0
CUST0375,Female,France,26,2,229847.99330360434,1,0,0,52146.45089680382,1
CUST0376,Female,France,68,5,124240.87072645756,2,1,1,80368.37396821826,0
CUST0377,Male,Germany,46,2,248039.50370582816,1,1,1,17864.65082864146,0
CUST0378,Female,Spain,31,6,212856.23943627393,3,0,0,78753.40211364313,1
CUST0379,Male,France,57,9,52127.62858933395,1,1,0,139795.48804017983,0
CUST0380,Female,Germany,58,8,232648.80366097906,1,0,0,24755.05053509273,1
CUST0381,Female,Germany,39,1,29091.599471369023,1,0,0,117021.7019305706,1
CUST0382,Female,Spain,28,4,204362.4271227979,1,1,1,67353.94747263897,0
CUST0383,Male,France,40,5,95155.82336914502,1,0,1,101724.32003340732,0
CUST0384,Male,Spain,18,3,219493.58011126737,1,0,1,46433.12371793211,0
CUST0385,Female,France,63,3,217014.1725268626,1,1,0,32328.91675579016,0
CUST0386,Male,Germany,54,3,201481.3500294053,2,1,0,32464.7659979717,1
CUST0387,Male,Germany,38,1,197507.60907676534,1,0,1,19868.87239004025,0
CUST0388,Male,Germany,43,3,76169.78477451019,2,1,0,35990.538686174026,1
CUST0389,Male,Germany,63,0,20229.820762813044,1,1,1,102990.71389845556,1
CUST0390,Male,Spain,53,5,100745.04469129036,1,1,1,133436.68565809113,0
CUST0391,Male,France,40,0,43381.12874662717,1,1,1,123977.59598276265,0
CUST0392,Female,France,18,9,173737.77222561542,1,0,1,105918.80338242777,0
CUST0393,Female,Spain,68,5,86524.93163444639,1,0,1,25460.460877554375,0
CUST0394,Male,France,57,0,243902.55021497872,1,0,0,50486.24248143298,1
CUST0395,Female,Germany,32,5,160243.019336333,1,1,0,53372.96254514566,0
CUST0396,Female,France,38,9,205620.14090859023,1,1,0,44993.972495666974,1
CUST0397,Female,Germany,64,7,33131.168185462106,1,1,1,82100.79235936124,0
CUST0398,Female,Spain,26,1,215503.62056815563,3,1,1,84977.53408315415,1
CUST0399,Male,France,26,1,230689.29762834858,2,1,1,59964.03652395543,0
CUST0400,Female,Spain,27,3,121765.47970473398,2,1,1,59530.48222310104,0
CUST0401,Female,France,69,2,151563.23443774437,2,1,0,125997.78370685139,1
CUST0402,Male,Germany,43,3,191202.45022574885,1,0,0,120500.99876475599,1
CUST0403,Male,Spain,58,6,43709.65681510314,1,0,1,53091.41643530439,0
CUST0404,Female,France,52,0,125641.5191158606,3,1,1,137930.3821422563,1
CUST0405,Female,Germany,69,5,99665.75694307828,1,1,1,143394.10238035084,0
CUST0406,Female,Spain,42,2,36593.49804056228,1,1,0,55743.955884205716,1
CUST0407,Female,Spain,43,9,91883.60557288287,1,0,0,59619.49283102768,1
CUST0408,Female,France,28,6,17043.077346373393,1,0,0,80788.78147907424,1
CUST0409,Female,France,55,9,6452.976737371746,1,1,1,141756.9137547143,0
CUST0410,Male,France,19,1,33791.57228870569,2,1,1,132684.72063992362,0
CUST0411,Female,Germany,24,1,240778.77789729348,1,0,0,24359.514761702572,0
CUST0412,Female,France,35,3,137382.38397375424,1,0,1,64982.30405799827,0
CUST0413,Male,Spain,44,0,241455.540288305,3,0,0,87471.96656496805,1
CUST0414,Male,Spain,51,2,108124.469582533,1,0,1,80438.5461572156,0
CUST0415,Male,France,44,8,77954.0332713149,1,1,0,37140.82951116498,1
CUST0416,Male,France,34,6,126535.46571006102,1,0,1,130234.34796354166,0
CUST0417,Female,Spain,60,6,109877.92215822753,2,0,0,104771.70961955722,0
CUST0418,Female,Germany,61,3,26416.171065435978,3,1,0,127307.1724792525,0
CUST0419,Female,France,68,1,160206.57867255155,1,0,0,130226.9991089261,0
CUST0420,Female,France,41,3,54009.5456273999,2,0,0,114769.81951320356,1
CUST0421,Female,Spain,42,5,154896.9887244574,1,0,0,71489.48417496042,1
CUST0422,Female,France,24,2,162550.27309953835,3,1,0,95476.54570215943,0
CUST0423,Male,Germany,69,0,38006.213282162025,2,0,1,32451.156856764042,1
CUST0424,Female,Spain,23,7,15337.40677766704,2,1,1,104310.35844648708,0
CUST0425,Male,France,41,4,195190.39651710994,1,1,1,35095.45580349931,0
CUST0426,Male,Spain,50,4,114950.10594233005,3,0,0,107152.94267142196,1
CUST0427,Female,France,66,3,14540.948876368948,2,0,0,42143.74250555561,0
CUST0428,Male,France,46,5,248716.57929244178,1,0,1,26457.182021030796,0
CUST0429,Female,France,60,2,14445.140249091659,2,0,0,33139.82862001404,1
CUST0430,Male,Germany,39,8,173758.8072146383,1,1,0,10278.898930669837,1
CUST0431,Female,Germany,43,4,245919.7313158534,2,0,0,110623.54649949423,0
CUST0432,Male,Spain,45,2,59795.026053981404,1,0,0,112536.14686817308,1
CUST0433,Female,France,67,0,35562.34217179904,2,0,0,82090.66898785632,1
CUST0434,Female,France,38,9,30346.234855607225,1,1,1,32590.792147753717,0
CUST0435,Female,Germany,66,5,75818.78689189888,1,0,1,21697.607251496564,0
CUST0436,Female,France,24,1,25261.452752661673,1,0,1,12678.055301220182,1
CUST0437,Female,Germany,34,2,173040.335423533,1,1,1,33204.744775130894,0
CUST0438,Male,France,37,0,15572.949532515673,1,1,1,134719.77489764054,0
CUST0439,Male,Spain,58,8,127355.53203744742,1,0,0,43815.15783823545,1
CUST0440,Male,France,66,7,249174.2134632442,1,0,0,59597.985810410195,1
CUST0441,Female,France,37,1,203492.5673765047,1,0,0,24748.367827386646,1
CUST0442,Male,Germany,39,7,153804.85955775273,1,0,0,41130.58266474384,0
CUST0443,Female,France,45,8,76563.40519665292,2,0,1,82691.43990922872,0
CUST0444,Female,France,57,0,155973.9590729096,1,1,1,95085.37563339136,0
CUST0445,Male,Germany,66,4,131760.3659779129,3,1,1,44349.32398326955,0
CUST0446,Male,Spain,24,7,106520.84597259287,2,0,0,18082.502291516408,0
CUST0447,Female,Spain,18,1,32677.594185049868,1,0,1,64744.60167783581,1
CUST0448,Male,Germany,49,3,221651.0538101167,1,1,0,42788.47192968678,0
CUST0449,Female,Germany,30,6,112446.16220533063,2,0,1,40737.54925217227,0
CUST0450,Female,Germany,47,2,48655.62795519127,1,0,1,144380.79237988373,0
CUST0451,Female,Germany,40,4,91939.8377193224,1,0,0,96282.06802960137,0
CUST0452,Female,Germany,68,7,103532.43813223176,1,0,0,87962.98204409343,0
CUST0453,Female,Spain,36,9,206884.47389171858,2,0,1,68208.51449326507,0
CUST0454,Male,Spain,49,2,183403.59514035052,1,1,1,70052.2066802202,0
CUST0455,Male,Germany,47,3,192326.22341033496,1,0,0,85726.70053733131,0
CUST0456,Female,France,46,8,2757.8161071618033,3,0,1,107500.17298505502,1
CUST0457,Female,Germany,66,6,104038.49954494038,2,0,1,108300.45346545613,0
CUST0458,Male,France,62,0,120336.03790883091,1,1,0,34037.14707876294,1
CUST0459,Male,Germany,46,3,4798.069205764172,1,1,1,80015.78529072777,0
CUST0460,Female,Germany,47,3,64953.30218625855,2,1,0,67674.13330477427,0
CUST0461,Male,Spain,33,8,190072.45578053375,1,1,1,131873.77527771378,0
CUST0462,Female,France,57,5,34277.42643224976,1,0,0,98398.6489705727,0
CUST0463,Male,France,36,8,133827.5328631479,1,1,1,84550.56929823745,0
CUST0464,Female,Spain,35,5,53800.468004309376,3,0,0,26155.249905048433,0
CUST0465,Male,Spain,18,5,3030.1936609733184,1,0,1,94789.3045052776,0
CUST0466,Female,Spain,31,4,60300.36439988537,2,1,0,26408.54679523268,0
CUST0467,Male,Spain,68,4,243968.43872751345,2,1,1,57208.92057920529,0
CUST0468,Male,France,64,1,200384.2779707474,1,1,1,29997.87507400646,1
CUST0469,Female,France,67,7,239894.16108025835,1,1,1,106890.31058341164,0
CUST0470,Male,Germany,19,7,121963.51098159062,1,1,1,38875.29593706137,0
CUST0471,Female,Germany,45,0,27434.049669375876,1,0,1,64860.312246323636,0
CUST0472,Male,Spain,66,7,136989.87224342325,1,1,1,135394.468866629,0
CUST0473,Female,Spain,67,4,113594.33363999022,2,1,1,38604.29367585584,0
CUST0474,Male,Spain,47,1,211089.27068490398,1,1,1,81092.70895422908,0
CUST0475,Female,Germany,55,1,24520.64519606115,2,0,1,68698.03256324308,0
CUST0476,Male,Germany,68,5,122060.28425544455,1,1,0,12537.365746402163,1
CUST0477,Female,Germany,21,8,37512.166173496065,1,0,0,120986.1359001938,0
CUST0478,Male,Germany,18,0,81168.98172251499,1,1,1,19666.42688404396,1
CUST0479,Female,Germany,25,5,184339.2693469499,1,1,0,76395.70293677351,0
CUST0480,Female,Germany,46,8,119004.53234219163,2,0,1,88494.96129145299,0
CUST0481,Female,Germany,56,7,93972.07128644233,1,1,1,97979.70392604219,0
CUST0482,Male,Spain,20,5,98619.06964250882,1,0,0,106408.42810310257,1
CUST0483,Female,Spain,49,2,114861.69210149666,1,0,1,45458.13369318011,0
CUST0484,Male,Spain,27,7,196254.1359592642,1,0,1,11397.028732182913,0
CUST0485,Female,Spain,27,8,223021.1722350586,1,1,0,111282.11272968768,1
CUST0486,Male,Germany,36,0,238833.67162598207,1,1,0,84991.923908661,0
CUST0487,Female,France,63,8,196725.84656382378,3,1,1,127056.47844901483,0
CUST0488,Male,Germany,51,5,78851.72393700317,1,0,0,124994.3708060972,0
CUST0489,Male,France,50,5,172033.67652163553,2,1,0,128065.66349030365,0
CUST0490,Female,Spain,40,3,109400.78101384798,1,0,1,77913.25239713563,0
CUST0491,Male,Germany,45,0,63667.65551151279,1,1,0,56707.97541716119,1
CUST0492,Male,Spain,49,9,210217.89485648065,1,0,0,120818.1483627918,0
CUST0493,Female,Germany,67,7,9606.58724058125,1,0,1,73181.1758240957,0
CUST0494,Male,Spain,24,1,225440.49803385587,1,0,0,35681.90749648083,1
CUST0495,Male,France,46,0,115369.36615618353,1,1,0,129696.3627386064,1
CUST0496,Male,France,25,1,159300.3692020701,1,0,1,133558.3827481286,0
CUST0497,Female,France,18,0,164838.48055144568,1,0,1,75283.36585962382,0
CUST0498,Male,Germany,20,0,223779.43517663408,1,0,1,20597.961823370246,1
CUST0499,Female,France,41,8,159167.42054180184,3,0,0,64295.65258837037,1
